Intern;Etiketnaam;Totaal;ZI;GPK
W8380;ACECORT TABL 1MG;328;16903994;143006
W8383;ACECORT TABL OMH 10MG;235;16904028;143022
W8382;ACECORT TABL OMH 5MG;4767;16904001;143014
V4871;ACEMAP TABL 20MG;87,3;16730801;9911
3172C;ACENOCOUMAROL TABL 1MG;1235;17171180;20303
96999;ACETYLSAL CARD DISP T 80MG;96093;14083515;117145
C8941;ACETYLSAL NEURO DISP T 30M;224;14311674;117153
4037A;ACICLOVIR TABL 200MG;168;16960823;54003
R4104;ACITRETINE CAPS 10MG;154;15973743;77186
R4105;ACITRETINE CAPS 25MG;112;15973751;77194
P0821;ADVAGRAF CAPS MVA 0,5MG;112;15758125;135429
P0838;ADVAGRAF CAPS MVA 1MG;489;15758133;135437
P0836;ADVAGRAF CAPS MVA 3MG;278;15758141;135445
P0841;ADVAGRAF CAPS MVA 5MG;112;15758168;135453
V8924;AGOMELATINE TABL OMH 25MG;140;16777212;132055
I6978;AKINETON TABL 2MG;5861;15137953;11940
W9736;AKTIPROL TABL 100MG;1424;16924037;163406
W9737;AKTIPROL TABL 200MG;357;16924045;163414
W9738;AKTIPROL TABL 400MG;574;16924053;163392
W9735;AKTIPROL TABL 50MG;260;16924029;163384
R5700;ALENDR/CHOLEC T 70MG/5600I;37;15993337;154814
H9826;ALENDRONINEZUUR TABL 10MG;71;15037606;154784
2787B;ALENDRONINEZUUR TABL 70MG;2574;17092728;154792
H3549;ALFACALCIDOL CAPS 0,25MCG;7238;14933241;36331
H3550;ALFACALCIDOL CAPS 1MCG;709;14933268;11509
Q3583;ALFUZOSINE TABL MVA 10MG;2587;15908623;109215
N9403;ALFUZOSINE TABL OMH 2,5MG;749;15702936;83623
9217B;ALLOPURINOL TABL 100MG;20641;16746570;2224
Q0208;ALLOPURINOL TABL 300MG;9364;15616169;12467
P5787;ALPRAZOLAM TABL 0,25MG;1972;15812812;82309
P5788;ALPRAZOLAM TABL 0,5MG;2254;15812820;82317
W1761;AMILORIDE TABL 5MG;394;16814010;8605
U8810;AMIODARON TABL 200MG;5964;16601920;5886
4092A;AMIODARON TABL 50MG;102;16903900;178624
M3351;AMITRIPTYLINE HCL TABL 25M;23222;15521877;21695
85635;AMITRIPTYLINE TABL 10MG;16623;14015951;21687
W4712;AMLO/VALS/HCT 10/160/12,5M;105;16835875;155748
W4711;AMLO/VALSAR/HCT 10/160/25M;28;16835883;155756
W4710;AMLO/VALSAR/HCT 10/320/25M;154;16835859;155764
W4713;AMLOD/VALS/HCT 5/160/12,5M;112;16835867;155713
W4709;AMLOD/VALSAR/HCT 5/160/25M;56;16835646;155721
U0703;AMLOD/VALSART TABL 10/160M;70;16346890;155799
U0702;AMLOD/VALSART TABL 5/160MG;196;16346882;155780
U0701;AMLODIP/VALSART TABL 5/80M;224;16346874;155772
M9107;AMLODIPINE TABL 10MG;32281;15593282;155624
M9105;AMLODIPINE TABL 5MG;59718,5;15593274;155616
N4563;ANASTROZOL TABL OMH 1MG;1127;15584070;99872
K7449;ANDROCUR TABL 50MG;42;15362647;9806
215;ANTABUS DISP BRUIST 400MG;147;12102946;4839
H4203;APROVEL TABL OMH 300MG;98;14940779;102857
V2943;ARIPIPRAZOL TABL 10MG;2350;16666453;121894
V2944;ARIPIPRAZOL TABL 15MG;910;16666461;121908
2888D;ARIPIPRAZOL TABL 1MG;286;17298261;144118
2889D;ARIPIPRAZOL TABL 2,5MG;1050;17299284;144126
V2945;ARIPIPRAZOL TABL 30MG;154;16666488;121916
T0215;ARIPIPRAZOL TABL 5MG;1926;16190300;151173
T0673;ARTANE TABL 2MG;1064;16222601;7692
T0674;ARTANE TABL 5MG;161;16222628;12513
5546;ARTHROTEC TABL MGA 50MG;84;13813161;127973
81953;ASACOL TABL MSR 800MG;252;14019558;98973
Q3940;ASCORBINEZUUR VIT C T 500M;6081;15917355;22659
E6365;ATENOL/CHLOORT T 100/25MG;185;14656213;38741
E6364;ATENOL/CHLOORT T 50/12,5MG;36,5;14656205;50245
N0022;ATENOLOL TABL 50MG;3182;15553736;38652
67149;ATENOLOL TABLET 100MG;1253;13908960;10936
A2937;ATENOLOL TEVA TABLET  25MG;2709,5;14338254;83712
7362D;ATOMOXETINE CAPS 25MG;28;17331471;122890
W0768;ATOMOXETINE CAPS 40MG;56;16768175;122904
7364D;ATOMOXETINE CAPS 60MG;28;17331528;122912
7365D;ATOMOXETINE CAPS 80MG;98;17331536;131156
V4325;ATORVASTATINE TABL OMH 10M;15260;16725514;137197
V4326;ATORVASTATINE TABL OMH 20M;21721;16725522;137200
V4327;ATORVASTATINE TABL OMH 40M;38994;16725530;137219
P3012;ATORVASTATINE TABL OMH 80M;2943;15761835;137227
R9680;ATOZET TABL 10/40MG;56;16078985;155152
J4224;AZATHIOPRINE TABL 25MG;154;15107191;72117
J3047;AZATHIOPRINE TABL 50MG;1902;15107213;16292
P6597;AZITROMYCINE TABL OMH 250M;1884;15798402;149241
P7643;AZITROMYCINE TABL OMH 500M;417;15798410;149268
2026C;BACLOFEN TABL 10MG;8435;17160634;9350
V8966;BACLOFEN TABL 2,5MG;3038;16784715;144150
0530D;BACLOFEN TABL 25MG;329;17160626;17035
7949B;BARNIDIPINE RET C MGA 10MG;6920;17126061;109452
7948B;BARNIDIPINE RET C MGA 20MG;4072;17126088;109460
M0175;BETAHISTINE TABL 16MG;5710;15500373;73687
M0172;BETAHISTINE TABL 8MG;2355;15500381;5185
R1090;BETMIGA TABLET MVA 50MG;8737;15986195;147192
L1059;BEZALIP RET TABL 400MG;273;15401936;97179
K8186;BICALUTAMIDE TABL OMH 150M;165;15336352;129445
K8195;BICALUTAMIDE TABL OMH 50MG;565;15336344;97020
V8983;BIPERIDEEN HCL TABL 1MG;168;16785452;143812
86300;BISACODYL TABL MSR 5MG;1589;14035502;1600
P0110;BISOPROLOL TABL 1,25MG;6836;15661431;136077
U7286;BISOPROLOL TABL OMH 10MG;1792;16579224;66664
U7287;BISOPROLOL TABL OMH 2,5MG;11172,5;16579208;118974
M9058;BISOPROLOLFUM TABL 5MG;8030;15553744;66656
R8244;BRINTELLIX TABL OMH 10MG;42;16065514;153532
R8245;BRINTELLIX TABL OMH 15MG;105;16065522;153540
R8243;BRINTELLIX TABL OMH 5MG;196;16065506;153524
T3412;BRIVIACT TABL OMH 25MG;154;16230604;162302
T3413;BRIVIACT TABL OMH 50MG;1394;16230612;162310
T3414;BRIVIACT TABL OMH 75MG;14;16230620;162329
85701;BROMAZEPAM TABL 3MG;1487,5;14023008;10847
85702;BROMAZEPAM TABL 6MG;28;14023024;16969
P7535;BUDENOFALK CAPS MSR 3MG;359;15834360;160296
V8984;BUMETANIDE TABL 0,25MG;962;16784782;173258
M8442;BUMETANIDE TABL 1MG;22775,5;15547426;13242
K9709;BUMETANIDE TABL 2MG;8409;15379485;97276
K9679;BUMETANIDE TABL 5MG;1159;15379493;39675
V8989;BUPREN/NALOX T SUBL 2/0,5M;447;16787560;126438
V8990;BUPREN/NALOX T SUBL 8/2MG;258;16787587;126446
W7593;BUPROPION RET T MGA 150MG;1554;16872800;109347
Q5929;BUSCOPAN OMH TABL 10MG;84;15931846;142360
J5423;BUSPIRON HCL TABL 10MG;378;15206300;72559
J8154;CABERGOLINE TABL 0,5MG;10;15244369;90182
E5146;CALC CHEW D3 KT 500MG/400I;15749;14643022;113506
N6157;CALC CHEW D3 KT 500MG/800I;61598;15600467;134120
L3830;CALCI CHEW D3 KT 1G/800IE;3757;15397998;130427
92523;CALCI CHEW KAUWTABL 500MG;4579;14057271;93319
8041A;CALCIUMCARB 500MG TABL ACE;721;17017106;136433
T4599;CAMCOLIT TABL 400MG;1988;16266056;8621
78305;CAMPRAL TABL MSR 333MG;980;14002574;98043
R3494;CANDESARTAN CILEX TABL 32M;1398;15917525;122637
R7452;CANDESARTAN CILEX TABL 4MG;3882;15917568;102245
P2999;CANDESARTAN CILEXET T 16MG;4387;15753638;102261
P2996;CANDESARTAN CILEXET T 8MG;4627;15753603;102253
Q9475;CANDESARTAN/HCT T 16/12,5M;448;15917541;110914
Q6844;CANDESARTAN/HCT T 8/12,5MG;168;15917533;110906
P0784;CAPTOPRIL TABL 25MG;28;15759377;39160
80130;CARBAMAZEPIN RET TABL 400M;750;14345021;70483
80128;CARBAMAZEPINE RET T 200MG;3708;14345013;70475
G3701;CARBAMAZEPINE TABL 100MG;2525;14867184;51195
72658;CARBAMAZEPINE TABL 200MG;2776;13971824;21016
W2271;CARBIDOPA/LEVOD T 12,5/50M;3227;16605713;65803
69785;CARBIMAZOL TABL 5MG;28;13940848;5096
V8876;CARVEDILOL TABL 25MG;930;16787757;94498
H0629;CARVEDILOL TABL 3,125MG;1478;14916177;120405
V8873;CARVEDILOL TABL 6,25MG;2237;16787684;101451
V8875;CARVEDILOL TABL OMH 12,5MG;1528;16787714;121045
R8252;CELECOXIB CAPS 100MG;1902;15996972;112631
R8254;CELECOXIB CAPS 200MG;948;15997006;112658
G9369;CELIPROLOL HCL TABL 200MG;126;14719398;86606
D6159;CERAZETTE TABL OMH 0,075MG;91;14558424;110191
N7690;CETIRIZINE TABL OMH 10MG;3384,5;15690504;71218
1981B;CHLOORTALIDON TABL 12,5MG;1047;17077079;121800
A4562;CHLOORTALIDON TABL 25MG;1204;14217945;38911
U8153;CHOLECALCIFEROL TABL 800IE;9533;16573706;140295
H0152;CIMETIDINE TABL 400MG;112;14879794;40223
7048D;CINACALCET TABL OMH 30MG;2128;16929381;123218
W9752;CINACALCET TABL OMH 60MG;315;16872762;123226
96100;CINNARIZINE TABL 25MG;2111;14035294;1244
J7302;CIPROFLOXACINE TABL 250MG;28;15155838;167460
J7303;CIPROFLOXACINE TABL 500MG;17;15155846;167479
J4234;CIPROFLOXACINE TABL 750MG;108;15155854;167487
K9757;CIRCADIN TABL MVA 2MG;863;15299554;129615
15087;CISORDINOL TABL 10MG;966;12353930;66982
15088;CISORDINOL TABL 25MG;154;12353957;66990
15085;CISORDINOL TABL 2MG;1267;12353914;66974
U8824;CITALOPRAM TABL OMH 10MG;8272;16591860;101575
U8823;CITALOPRAM TABL OMH 20MG;15688;16591879;101583
V9599;CITALOPRAM TABL OMH 30MG;2155;16792270;124982
U8825;CITALOPRAM TABL OMH 40MG;1610;16591895;101591
R3350;CLINDAMYCINE CAPS 300MG;608;15969983;78379
1980D;CLOBAZAM TABL 10MG;965,5;17286085;38725
H5700;CLOMIPRAMINE RET TABL 75MG;4492;14877813;44105
P0793;CLOMIPRAMINE TABL OMH 10MG;364;15759369;101877
P0794;CLOMIPRAMINE TABL OMH 25MG;3831;15759296;101885
87482;CLONIDINE TABL 0,025MG;2287;14051966;78514
87476;CLONIDINE TABL 0,150MG;70;14051893;13439
T5956;CLOPIDOGREL TABLET 75MG;91702;16288238;156655
W5600;CLOZAPINE TABL 100MG;10238;16868358;66516
K4549;CLOZAPINE TABL 200MG;2464;15330036;128392
W5599;CLOZAPINE TABL 25MG;8819;16868331;66508
V4403;CLOZAPINE TABL 6,25MG;9723;16723686;143901
90377;CODEINEFOSFAAT TABL 10MG;1550;14045699;23086
90378;CODEINEFOSFAAT TABL 20MG;693;14045710;23094
1356E;COLCHICINE TABL 0,5MG;5540;17386896;100463
U2742;COLECALCIFEROL C 100000IE;8;16371143;168394
7838C;COLECALCIFEROL CAPS 25000I;617;17196760;168378
7839C;COLECALCIFEROL CAPS 50000I;134;17196787;168386
1248E;COLECALCIFEROL CAPS 5600IE;12623;17385121;144290
4629A;COMTAN TABL 200MG;259;16988434;106097
G0654;CONCERTA TABL MVA 18MG;35;14816210;116734
K9825;CONCERTA TABL MVA 27MG;273;15342751;129798
G0655;CONCERTA TABL MVA 36MG;147;14816229;116742
H1878;CONCERTA TABL MVA 54MG;205;14858290;117560
S6617;CONSTELLA CAPS 290MCG;447;16164776;158542
Q7257;CORTIMENT TABL MVA 9MG;126;15932915;143030
87473;COTRIMOXAZOL FRT TABL 960M;371;14051850;12688
96309;COTRIMOXAZOL TABL 480MG;1635;14145944;12661
M0340;COVERSYL PLUS TAB 10/2,5MG;28;15494322;131466
K4558;COVERSYL PLUS TAB 5/1,25MG;140;15330176;128511
K4557;COVERSYL TABL OMH 10MG;42;15330168;128554
K4556;COVERSYL TABL OMH 5MG;140;15330141;128546
M2643;COZAAR TABL OMH 50MG;22;15521737;115258
W2377;CREON 10000 CAPS MSR;1799;16812581;138452
W2378;CREON 25000 CAPS MSR;7881;16812573;138436
H7769;CRESTOR TABL OMH 5MG;248;14975149;180378
9852C;DABIGATRAN CAPS 110MG;4242;17262674;129720
9851C;DABIGATRAN CAPS 150MG;1918;17265835;137057
1280D;DAGRAVIT TOTAAL 30 DRAG;1813;17274826;0
23374;DANTRIUM CAPS 25MG;308;12112410;10723
3860B;DARIFENACINE TABL MVA 15MG;879;17103940;123862
3859B;DARIFENACINE TABL MVA 7,5M;783;17103916;123870
F3726;DAVITAMON COMPLEET DRAG;1011;14763443;0
T0691;DEPAKINE CHRONO T MGA 300M;2965;16222598;77232
T0689;DEPAKINE CHRONO T MGA 500M;8063;16222571;72257
1010;DEPAKINE EC TABL 300MG;844;12834262;14400
1011;DEPAKINE EC TABL 500MG;1273;12834939;14419
U8117;DESLORATADINE TABL OMH 5MG;11100;16580362;113026
2259E;DESMOPRESSIN ACET T 0,1MG;1044,5;17331633;74098
N8446;DESMOPRESSINE TABL 0,2MG;168;15044343;74101
87512;DEXAMETHASON TABL 0,5MG;542;14052423;14281
70591;DEXAMETHASON TABL 1,5MG;217;13950967;18546
R7406;DEXAMETHASON TABL 4MG;150;14896257;121789
F6079;DIAMOX TABL 250MG;492,5;14795418;14516
2541C;DIAZEPAM TABL 10MG;3123;17199832;20672
8687C;DIAZEPAM TABL 2MG;3171,5;17249252;20656
3698D;DIAZEPAM TABL 5MG;4743,5;17296064;20664
88225;DICLOFENAC RET TABL 100MG;84;13866702;22268
69554;DICLOFENAC TABL MSR 25MG;399;14293013;22276
92591;DICLOFENAC TABL MSR 50MG;1559;14128470;22284
O2010;DILTIAZEM RET C MGA 180MG;322;15736253;91200
O2012;DILTIAZEM RET C MGA 240MG;140;15736288;91219
R4092;DILTIAZEM RT CAPS MGA 200M;1113;15994562;94234
R4093;DILTIAZEM RT CAPS MGA 300M;609;15994570;92983
A1685;DILTIAZEM TABL MGA 120MG;1044;14188228;82511
A3089;DILTIAZEM TABL MGA 90MG;791;14204193;82503
92506;DIPHANTOINE-Z 100 TABL 92M;1456;13489097;74748
29828;DIPHANTOINE-Z 25 TABL 23MG;280;13491539;74705
92504;DIPHANTOINE-Z 50 TABL 46MG;779;13488910;74713
92505;DIPHANTOINE-Z 75 TABL 69MG;294;13489062;74721
R3926;DIPIPERON TABL 40MG;1775;16022475;2798
S5029;DIPYRIDAMOL RET C MGA 200M;4170;16058542;87637
Q2295;DIVISUN TABL 800IE;1019;15907449;140295
1188;DOGMATIL CAPS 50MG;378;13722115;14710
89213;DOGMATIL TABL 400MG;126;14048256;100099
8180C;DOMPERIDON TABL 10MG;2451;17175194;69159
65109;DORMICUM TABL 15MG;490;13889184;54380
65254;DORMICUM TABL 7,5MG;702,5;13889176;77712
4548B;DOXAZOSINE RET TABL MVA 4M;4999;17085829;108995
P8460;DOXAZOSINE RET TABL MVA 8M;1924;15732967;109002
0744B;DOXYCYCLINE DISP TABL 100M;1139;17064198;117048
U8804;DULOXETINE CAPS MSR 30MG;4083;16602005;124419
1306E;DULOXETINE CAPS MSR 60MG;2034;17388481;124427
W8998;DUTAST/TAMSUL C 0,5/0,4MG;4694;16920538;133787
U5717;DUTASTERIDE CAPS 0,5MG;4232;16534808;116874
1175B;DYAZIDE TABL 25/50MG;598,5;17068878;10839
A0810;EFEXOR XR CAPS MVA 75MG;112;14087367;101133
U2719;ELIQUIS TABL OMH 2,5MG;37843;16319117;137537
Q3627;ELIQUIS TABL OMH 5MG;90313;15804038;141992
W8267;EMTR/TENO.DIS TAB 200/245M;28;16790065;171727
K1847;ENALAPRIL MAL TABL 10MG;14889;15145247;51586
J4165;ENALAPRIL MAL TABL 20MG;11751;15145255;51578
J3232;ENALAPRIL MAL TABL 40MG;532;15145263;66761
J4802;ENALAPRIL MAL TABL 5MG;10162;15145239;55387
Q7225;ENALAPRIL/HYDRO T 20/12,5M;2100;15923770;71374
P8397;ENTACAPONE TABL OMH 200MG;2258;15854620;106097
U5164;ENTECAVIR TABL OMH 0,5MG;84;16374347;125776
T3323;ENTOCORT CAPS MGA 3MG;1508;16251474;99309
T3436;ENTRESTO TABL OMH 24/26MG;13584;16249887;162418
T3437;ENTRESTO TABL OMH 49/51MG;6666;16249895;162426
T3438;ENTRESTO TABL OMH 97/103MG;4837;16249909;162434
8611B;EPLERENON TABL OMH 25MG;5110;17142881;120359
R7572;EPLERENON TABL OMH 50MG;1925;16054881;120367
S8697;ESCITALOPRAM TABL OMH 10MG;2718;16190017;121681
R1736;ESCITALOPRAM TABL OMH 15MG;483;15838145;128465
R3999;ESCITALOPRAM TABL OMH 20MG;1516;16008146;121703
R1733;ESCITALOPRAM TABL OMH 5MG;1080;15838242;136565
N2316;ESOMEPRAZOL CAPS MSR 20MG;8725;15623963;134686
N2318;ESOMEPRAZOL CAPS MSR 40MG;13121;15624005;134694
42055;ESTROFEM TABL 2MG;84;13543539;78123
E4115;ETALPHA CAPS 0,5MCG;651;14317931;108987
K7795;ETHINYL/LEV T OH 0,02/0,1M;56;15360253;127302
N3082;ETHINYL/LEVON T 0,03/0,15M;935;15592243;127280
U5222;ETORICOXIB TABL OMH 30MG;441;16311043;128864
U5223;ETORICOXIB TABL OMH 60MG;906;16311051;115908
U5224;ETORICOXIB TABL OMH 90MG;635;16311078;115916
65842;EUTHYROX TABL 100MCG;3151;13895419;38636
M2162;EUTHYROX TABL 112MCG;1025;15457389;131954
66381;EUTHYROX TABL 125MCG;1613;13895427;87823
M2163;EUTHYROX TABL 137MCG;896;15457397;131962
66085;EUTHYROX TABL 150MCG;604;13895435;55050
E8964;EUTHYROX TABL 175MCG;252;14711540;114669
E8965;EUTHYROX TABL 200MCG;322;14711559;114677
66137;EUTHYROX TABL 25MCG;4029,5;13895397;64580
66084;EUTHYROX TABL 50MCG;2838;13895400;38628
A0860;EUTHYROX TABL 75MCG;2787;14159406;102725
M2161;EUTHYROX TABL 88MCG;1561;15457370;131946
N8550;EXEMESTAAN TABL OMH 25MG;147;15651444;109193
V2971;EZETIMIBE TABL 10MG;34094;16644247;118575
V2973;EZETIMIBE/SIMVAST T 10/20M;756;16595211;123129
V2972;EZETIMIBE/SIMVAST T 10/40M;2051;16595246;123137
V3014;EZETIMIBE/SIMVAST T 10/80M;70;16595254;123145
D6525;FAMOTIDINE TABL 20MG;4128;14562553;59420
D6528;FAMOTIDINE TABL 40MG;1800;14562588;59412
W0732;FEBUXOSTAT TABL OMH 80MG;463,5;16751310;139572
G6679;FELODIPINE RET TABL 10MG;308;14868075;79030
R3516;FELODIPINE RET TABL MVA 5M;168;16012437;79022
E3155;FEMOSTON CON TABL OMH 1/5M;126;14620243;111864
P2299;FEMOSTON CONT T 0,5/2,5MG;84;15668770;139459
S2383;FENOBARBITAL TABL 10MG;56;16118693;23647
17191;FENOBARBITAL TABL 25MG;324;13766813;23671
17190;FENOBARBITAL TABL 50MG;924;13766848;23728
T1665;FENPROCOUMON TABL 3MG;42;16195477;6637
I3388;FERO GRADUMET T MGA 105MG;347;15092461;164917
J6121;FERROFUMARAAT T OMH 100MG;405;15141314;126683
A5249;FERROFUMARAAT TABL 200MG;20253;14224917;15342
7344B;FESOTERODINE TABL MVA 4MG;722;17088151;129232
7345B;FESOTERODINE TABL MVA 8MG;520;17088135;129240
K5086;FEXOFENADINE TABL OMH 120M;275;15337057;103268
K5087;FEXOFENADINE TABL OMH 180M;1162,5;15337065;103276
U8052;FINASTERIDE TABL OMH 5MG;4165;16591992;87912
Q2301;FLECAINIDE RET CAPS 100MG;890;15839591;116149
Q2298;FLECAINIDE RET CAPS 150MG;504;15839575;116157
Q2299;FLECAINIDE RET CAPS 200MG;245;15839583;116165
Q2300;FLECAINIDE RET CAPS 50MG;240;15839567;118591
T2365;FLECAINIDEACET TABL 100MG;532;16237773;48135
L6512;FLECAINIDEACET TABL 50MG;756;15450805;91502
R1792;FLUANXOL TABL OMH 0,5MG;42;15979210;148407
R0091;FLUANXOL TABL OMH 1MG;749;15979229;145793
R1077;FLUANXOL TABL OMH 5MG;406;15979245;147389
H1016;FLUCONAZOL CAPS 200MG;8;14949342;85685
H1105;FLUCONAZOL CAPS 50MG;56;14949318;78166
2151C;FLUDRACE TABL 31,25MCG;126;17187915;165298
W8375;FLUDRACE TABL 62,5MCG;225;16904052;42196
E7536;FLUNITRAZEPAM TABL 1MG;186;14695162;40142
A6607;FLUNITRAZEPAM TABL 2MG;98;14213222;11568
P0788;FLUOXETINE CAPS 20MG;5896;15759393;75264
F3612;FLUOXETINE DISP TABL 20MG;1322;14744295;116769
93949;FLURAZEPAM CAPS 15MG;260;14128209;9725
93957;FLURAZEPAM CAPS 30MG;231;14128268;14087
K8941;FLUVASTATINE CAPS 20MG;363;15373347;96512
K8944;FLUVASTATINE CAPS 40MG;395;15373371;96520
Q7947;FLUVASTATINE RET T MVA 80M;329;15950530;114022
97685;FLUVOXAMINE MAL TABL 100MG;1601;14144816;96105
97683;FLUVOXAMINE MAL TABL 50MG;1847;14144808;96091
A3920;FOLIUMZUUR TABL 0,5MG;11139;14182319;87769
78317;FOLIUMZUUR TABL 5MG;4940;14003007;3530
R0661;FORXIGA TABL OMH 10MG;40692;15990346;141518
R0660;FORXIGA TABL OMH 5MG;1121;15990338;141496
I0821;FOSINOPRIL TABL 10MG;4002;15064565;93327
M0183;FOSINOPRIL/HCT T 20/12,5MG;215;15499162;104566
I0823;FOSINOPRILNATR TABL 20MG;4410;15064573;93335
T5245;FRISIUM TABL 10MG;266;16272633;38725
13777;FRISIUM TABL 20MG;112;12335401;40924
68582;FURABID CAPS MGA 100MG;133;13924966;93467
A4530;FUROSEMIDE TABL 20MG;25406;14211106;10995
0628C;FUROSEMIDE TABL 40MG;62374;17171857;16810
R2830;FYCOMPA TABL OMH 6MG;154;16007530;149616
R2831;FYCOMPA TABL OMH 8MG;42;16007549;149624
U8771;GABAPENTINE CAPS 100MG;5964;16592050;106887
H4387;GABAPENTINE CAPS 300MG;11525;14973227;106895
H4392;GABAPENTINE CAPS 400MG;1743;14973235;106909
U8778;GABAPENTINE TABL OMH 600MG;1568;16592026;111120
V2362;GABAPENTINE TABL OMH 800MG;322;16529367;111139
O2723;GALANTAMINE RET CAPS 16MG;575;15744450;122947
O2727;GALANTAMINE RET CAPS 24MG;664;15744485;122955
O2719;GALANTAMINE RET CAPS 8MG;204;15744426;122939
K6796;GALVUS TABL 50MG;546;15346927;129003
U5092;GEMFIBROZIL TABL 600MG;782;16524713;79367
V4314;GLICLAZIDE TABL MGA 30MG;93530;16597486;115398
G2020;GLICLAZIDE TABL MGA 80MG;18336;14846640;10340
U8743;GLIMEPIRIDE TABL 1MG;603;16592417;98329
U8867;GLIMEPIRIDE TABL 2MG;786;16592425;98337
U8868;GLIMEPIRIDE TABL 3MG;1526;16592468;98345
U8744;GLIMEPIRIDE TABL 4MG;546;16592476;98353
M8519;GLIMEPIRIDE TABL 6MG;560;15546683;126179
7283B;GLUCIENT SR TABL MVA 500MG;1127;17129966;175803
V8970;GLYCOPYRRONIUMBROMIDE T 1M;4118;16784790;8362
I8051;GRANISETRON TABL OMH 1MG;28;15134512;92215
1936A;HALOPERIDOL TABL 0,25MG;5520;16903633;173223
93962;HALOPERIDOL TABL 1MG;6740;14128314;16012
87446;HALOPERIDOL TABL 5MG;623;14051397;16020
W5602;HYDROCHLOORTHIAZ T 12,5MG;33163;16868579;122602
Q9546;HYDROCHLOORTHIAZID T 6,25M;56;15951707;144983
W5299;HYDROCHLOORTHIAZIDE T 25MG;9802;16868587;2682
W5634;HYDROXYCHLOROQUINE T 200MG;4234;16786114;112615
31072;HYDROXYZINI TABL OMH 25MG;1056;13730843;103659
P4231;IBANDRONINEZUUR TABL 150MG;2;15793435;124826
M7043;IBUPROFEN TABL OMH 200MG;280;15570878;50997
V6512;IBUPROFEN TABL OMH 400MG;210;16726537;51004
T3886;INDAPAMIDE TABL OMH 2,5MG;222;16255429;83593
37150;INHIBIN DRAG 100MG;2111;13603957;83860
P5878;IRBESARTAN TABL 150MG;5956;15814076;102849
P5880;IRBESARTAN TABL 300MG;4003;15814092;102857
P5835;IRBESARTAN TABL OMH 75MG;2585;15772519;102830
Q6926;IRBESARTAN/HCT T 150/12,5M;962;15944425;106585
Q6928;IRBESARTAN/HCT T 300/12,5M;1050;15944441;106593
Q6930;IRBESARTAN/HCT T 300/25MG;777;15944476;126004
47554;ISOPTIN SR TABL MGA 120MG;723;13676067;87629
47656;ISOPTIN SR TABL MGA 180MG;455;13676083;88595
97526;ISOSORBID DIN RET TABL 20M;998;14158868;13447
V7264;ISOSORBID MONO RET T 30MG;15918;16768124;96202
P5751;ISOSORBID MONO RET T 60MG;4172;15812871;72443
V3825;IVABRADINE TABL OMH 2,5MG;210;16673328;178292
V2351;IVABRADINE TABL OMH 5MG;2090;16581288;178276
V2307;IVABRADINE TABL OMH 7,5MG;854;16644328;178284
R6625;JARDIANCE TABL OMH 10MG;14973;16054458;152692
R6624;JARDIANCE TABL OMH 25MG;2686;16054466;152706
8044A;KALIUMCITRAAT CAPS 500MG;980;17017114;153427
E7157;KEPPRA TABL OMH 250MG;1032;14626519;114146
E7158;KEPPRA TABL OMH 500MG;2666;14626527;114154
E1447;KESTINE TABL 10MG;238;14630109;100781
9853C;LABETALOL HCL TABL 100MG;884;17157080;11282
2685C;LACOSAMIDE TABL OMH 50MG;3631;17199905;130818
L7357;LAMICTAL DISP KAUW T 100MG;546;15408876;157236
L9312;LAMICTAL DISP KAUW T 200MG;161;15408892;157244
L9311;LAMICTAL DISP KAUW T 50MG;119;15408884;157228
U8765;LAMOTRIGINE DISP TABL 100M;5935;16601904;122483
Q0175;LAMOTRIGINE DISP TABL 200M;1379;15868885;122491
U8763;LAMOTRIGINE DISP TABL 25MG;7132;16601874;122467
N7710;LAMOTRIGINE DISP TABL 50MG;2827;15690539;122475
I0205;LAMOTRIGINE DISP TABL 5MG;246;15019071;122459
N2095;LANOXIN PG TABL 0,0625MG;12935;15625575;16772
N2101;LANOXIN TABL 0,125MG;15140;15625583;38857
K9407;LANSOPRAZOL CAPS MSR 15MG;322;15379604;124621
K9408;LANSOPRAZOL CAPS MSR 30MG;849;15379612;90204
9030A;LANTHAAN KAUWTABL 500MG;252;17010160;125040
17484;LASIX RETARD CAPS 60MG;28;12521868;51268
43874;LASIX TABL 500MG;418;13627821;83631
T3850;LATUDA TABL OMH 37MG;70;16259475;151866
N3218;LEFLUNOMIDE TABL OMH 10MG;203;15638715;109282
N3219;LEFLUNOMIDE TABL OMH 20MG;381;15638723;109290
18870;LENDORMIN TABL 0,25MG;154;12564214;54399
2784B;LERCANIDIPINE TABL OMH 10M;5819;17092744;101893
2785B;LERCANIDIPINE TABL OMH 20M;2247;17092752;124680
N9308;LETROZOL TABL OMH 2,5MG;1374;15651428;101567
R8923;LEV/CARB/ENT 150/37,5/200M;266;16052854;119938
R8924;LEV/CARB/ENTA 200/50/200MG;168;16052811;129534
O0753;LEVETIRACET TABL OMH 1000M;968;15706699;114162
U8774;LEVETIRACET TABL OMH 250MG;7480;16591917;114146
U8775;LEVETIRACET TABL OMH 500MG;14634;16591984;114154
7248B;LEVO/CARBID TABL 100/25MG;18439;17091217;38318
8575B;LEVO/CARBID TABL 250/25MG;1148;17091233;36609
L8977;LEVOCETIRIZINE TABL 5MG;6214;15478475;114626
G7076;LEVOD/CARBID RET T 100/25M;5850;14857766;86851
G7078;LEVOD/CARBID RET T 200/50M;714;14857774;81337
M5363;LEVODOP/BENSER C 50/12,5MG;5331;15406148;38563
M5364;LEVODOP/BENSERAZ C 100/25M;6063;15406156;10081
1934A;LEVOMEPROMAZINE TABL 6,25M;218;16903617;178608
T3431;LEVOTHYROXINE NA T 112MCG;1830;16220420;131954
T3433;LEVOTHYROXINE NA T 88MCG;2005;16220447;131946
S9339;LEVOTHYROXINE TABL 100MCG;5661;16194055;38636
S9340;LEVOTHYROXINE TABL 125MCG;1701;16194063;87823
S9341;LEVOTHYROXINE TABL 150MCG;1022;16194071;55050
S9342;LEVOTHYROXINE TABL 175MCG;252;16194098;114669
S9336;LEVOTHYROXINE TABL 25MCG;10716,5;16194012;64580
S9337;LEVOTHYROXINE TABL 50MCG;4627;16194020;38628
S9338;LEVOTHYROXINE TABL 75MCG;5076,5;16194039;102725
13542;LIORESAL TABL 5MG;5138;12514675;40274
93880;LIPITOR TABL OMH 20MG;1456;14072475;137200
G9474;LISINO/HYDROCHL T 20/12,5M;1303;14906619;77828
U5102;LISINOPRIL TABL 10MG;13900;16528433;71587
V0236;LISINOPRIL TABL 20MG;9955;16628586;71595
V9547;LISINOPRIL TABL 30MG;569;16792297;110779
V4893;LISINOPRIL TABL 5MG;9405,5;16731115;71579
V4404;LITHIUMCARBONAAT CAPS 100M;4337;16723694;101842
V4405;LITHIUMCARBONAAT CAPS 150M;1169;16723708;52248
9429B;LITHIUMCARBONAAT TABL 200M;2166;17156874;23396
0716C;LITHIUMCARBONAAT TABL 300M;1454;17171237;53228
S8088;LIXIANA TABL OMH 30MG;6163;16164490;159379
S8091;LIXIANA TABL OMH 60MG;6834;16164512;159387
S8087;LIXIANA TABL OMHULD 15MG;56;16164482;159360
H2635;LOPERAMIDE HCL CAPS 2MG;2891;14880180;10766
F7741;LORATADIN TABL 10MG;934;14806444;73563
1933A;LORAZEPAM TABL 0,25MG;1858;16903609;173215
2956E;LORAZEPAM TABL 0,5MG;7574;17404606;143715
2958E;LORAZEPAM TABL 1MG;16460,5;17404630;8990
2960E;LORAZEPAM TABL 2,5MG;3122;17404657;21024
1900A;LORMETAZEPAM TABL 1MG;1247;16947878;40010
1901A;LORMETAZEPAM TABL 2MG;980;16947924;59382
V3673;LOSARTAN KAL TABL OMH 100M;15631;16672178;115266
M6298;LOSARTAN KAL TABL OMH 25MG;6674,5;15485145;132934
V3672;LOSARTAN KAL TABL OMH 50MG;20249;16672151;115258
O2674;LOSARTAN/HCT TAB 100/12,5M;967;15724344;125741
M6314;LOSARTAN/HCT TABL 100/25MG;764;15515680;117595
M7058;LOSARTAN/HCT TABL 50/12,5M;1435;15570789;117587
A9711;LOSEC MUPS TABL MSR 20MG;525;14191458;130648
A9653;LOSEC MUPS TABL MSR 40MG;273;14191490;130621
H4884;LYRICA CAPS 150MG;140;14964473;122203
H4889;LYRICA CAPS 300MG;140;14964481;122211
H4877;LYRICA CAPS 75MG;266;14964465;122181
12918;MADOPAR CAPS 62,5MG;7429;12311790;38563
85743;MADOPAR DISP TABL 125MG;3026,5;14026961;116971
29522;MADOPAR HBS CAPS MGA 125MG;4638;13299727;73695
19719;MADOPAR TABL 125MG;10094;12834831;56677
19720;MADOPAR TABL 250MG;1901;12834858;56685
1835E;MAGN GLUCON TABL 500MG;2174;17311446;150460
69848;MAGNESIUM HYD KAUWT 724MG;37038,5;13939874;97365
V6113;MEBEVERINE CAPS MGA 200MG;6824;16745647;65390
78276;MEBUTAN TABL 1G;28;13949462;98019
J9146;MEDIKINET CR CAPS MGA 20MG;91;15248925;126497
J9148;MEDIKINET CR CAPS MGA 30MG;91;15248933;126500
J9147;MEDIKINET CR CAPS MGA 40MG;196;15248941;127086
43969;MEGESTROLACETAAT TABL 160M;14;13613774;54844
W2373;MELATONINE TABL 1MG;2979;16807812;142573
W2372;MELATONINE TABL 3MG;1270;16807987;142581
0949D;MELATONINE TABL 5MG;1085;17208831;142603
N1450;MELOXICAM TABL 15MG;242;15817474;101214
M8979;MELOXICAM TABL 7,5MG;1008;15817466;97942
R3343;MEMANTINE TABL OMH 20MG;112;15972402;130141
O2516;MESALAZINE TABL MSR 500MG;1386;15743551;66494
L5524;MESTINON DRAG 60MG;1495;15450376;17582
L5523;MESTINON TABL 10MG;1020;15450384;17574
M9496;METFORMINE HCL TABL 1000MG;51971;15600564;114421
G2217;METFORMINE HCL TABL 500MG;160009;15600513;3816
G2218;METFORMINE HCL TABL 850MG;30756;15600548;15865
1181B;METFORMINE TABL MVA 1000MG;2401;17063620;174513
W4785;METHADON HCL TABL 5MG;6169;16790154;20796
2604C;METHADON TABL 10MG;1498;17195306;129194
8169C;METHADON TABL 20MG;3257;17056381;129208
T5055;METHADON TABL 2MG;245;16276027;144177
E0279;METHOTREXAAT TABL 2,5MG;2903;14571013;16918
H1021;METHYLFENIDAAT HCL T 10MG;6011;14899574;8354
W7595;METHYLFENIDAAT T MVA 18MG;483;16857291;116734
W7597;METHYLFENIDAAT T MVA 27MG;133;16857313;129798
W7596;METHYLFENIDAAT T MVA 36MG;581;16857305;116742
W7598;METHYLFENIDAAT T MVA 54MG;224;16857321;117560
T6950;METHYLFENIDAAT TABL 5MG;1134;16305639;123668
M9598;METOCLOPRAMIDE TABL 10MG;1065;15598578;19429
V8973;METOPROLOL TABL 12,5MG;13743;16784898;143219
M6100;METOPROLOLSUC RET T 100MG;38920;15549623;71013
M6096;METOPROLOLSUC RET TABL 25M;36951;15549593;125598
M6098;METOPROLOLSUC RET TABL 50M;74648;15549607;71005
I7146;METOPROLOLSUC/HCT T 95/12,;1043;15107132;87289
T6740;METOPROLOLTART RET T 200MG;7157;16198581;20141
M1790;METOPROLOLTART TABL 100MG;1964;15503674;17175
67162;METOPROLOLTART TABL 50MG;8847;13909215;10642
K9196;MEZAVANT TABL MVA 1200MG;1024;15376443;129526
D9522;MINOCYCLINE TABL 100MG;28;14560321;81728
H7207;MIRTAZAPINE TABL 15MG;8936;15022358;93521
V8975;MIRTAZAPINE TABL 3,75MG;2488;16785010;173231
H2615;MIRTAZAPINE TABL 30MG;2737;14980630;93548
W6114;MIRTAZAPINE TABL OMH 45MG;1211;16881281;97136
A0843;MIZOLLEN TABL MGA 10MG;28;14148420;102164
J5522;MOCLOBEMIDE TABL OMH 150MG;168;15196798;114693
P5899;MODAFINIL TABL 100MG;196;15816915;110167
A2193;MODALIM TABL 100MG;569;14191032;104353
98030;MONO CEDOCARD RET C 100MG;3103;14148404;102113
67745;MONO CEDOCARD RET CAPS 25M;8490;13905384;95559
29348;MONO CEDOCARD RET CAPS 50M;8152;13295071;73407
Q1183;MONTELUKAST TABL OMH 10MG;4422;15901580;105953
93783;MORFINE RETARD TAB MGA 10M;2081;14074222;54976
93785;MORFINE RETARD TAB MGA 30M;962;14074249;54984
P8402;MORFINESULFAAT TABL 10MG;262,5;15837998;140864
H4296;MOXONIDINE TABL 0,2MG;10;14992094;96563
H4298;MOXONIDINE TABL 0,4MG;238;14992116;104558
J0999;MULTIVITAMINE COMPL TABL;1209;15144208;0
1931B;MULTIVITAMINE DIANET CAPS;319;17084229;158755
P9989;MYCOFENOLAAT MOFET C 250MG;100;15862887;101672
N1449;MYCOFENOLAAT MOFET T 500MG;1568;15611663;101680
H1465;MYFORTIC TABL MSR 360MG;56;14961547;121673
T9798;MYSOLINE TABL 250MG;136,5;16330552;6971
R4103;NA VALPROAAT CHRONO T 300M;3020,5;15932796;77232
R1905;NA VALPROAAT CHRONO T 500M;10224,5;15932818;72257
M3377;NA VALPROAAT TABL MSR 150M;910;15522415;14397
M3360;NA VALPROAAT TABL MSR 300M;1290;15522202;14400
I5392;NALTREXON HCL TABL OMH 50M;280;15061604;102997
H4726;NAPROXEN TABL 250MG;4811;14880008;17922
S6553;NAPROXEN TABL 500MG;1624;16088778;51233
89094;NATR BICARBON CAPS 500MG;420;14064472;136476
V4400;NATRIUMBICARB TABL 500MG;7569;16723716;23558
8959A;NATRIUMCHLORIDE CAPS 500MG;2522;17029635;166421
V2251;NEBIVOLOL  TAB 2,5MG;1054,5;16644883;143073
2786B;NEBIVOLOL TABL 5MG;2165;17092760;100293
A0796;NEORAL CAPS 100MG;56;14084449;135542
98474;NEORAL CAPS 25MG;392;14084430;135534
J5554;NEURONTIN TABL OMH 600MG;336;15218414;111120
E3144;NEXIUM TABL MSR 20MG;861;14611198;111899
E3149;NEXIUM TABL MSR 40MG;1194;14611163;111880
87133;NIFEDIPINE CAPS 10MG;523;14040638;37834
87132;NIFEDIPINE CAPS 5MG;378;14040611;54046
H1881;NIFEDIPINE RET T MGA 30MG;10174;14887495;86061
K1934;NIFEDIPINE RET T MGA 60MG;3846;15283461;86088
A5252;NITRAZEPAM TABL 5MG;296;14224909;17701
M3334;NITROFURANTOIN MC CAPS 50M;8793;15522296;15695
E9908;NORFLOXACINE TABL 400MG;168;14708175;53392
2727;NORTRILEN TABL 25MG;21;12137421;67016
V4812;NORTRIPTYLINE TABL OMH 10M;28;16725891;73709
V4810;NORTRIPTYLINE TABL OMH 25M;63;16725905;67016
V4811;NORTRIPTYLINE TABL OMH 50M;7143;16725913;67008
34106;NORVASC TABL 5MG;98;13556347;155616
J6981;NOW MAGN CITRAAT TABL 200M;70;15242552;0
2752;NOZINAN TABL 25MG;392;12822329;18414
M7779;NUTROF OMEGA VOEDINGSSUPP;112;15579018;0
O0761;OLANZAPINE TABL OMH 10MG;3705;15718751;99988
O0740;OLANZAPINE TABL OMH 15MG;840;15679667;114839
O0757;OLANZAPINE TABL OMH 2,5MG;6088;15718735;115096
O0742;OLANZAPINE TABL OMH 20MG;1179;15679691;117773
O0759;OLANZAPINE TABL OMH 5MG;6040;15718743;99953
4731A;OLMES/AMLOD/HCT 20/5/12,5M;112;16947541;155969
4958C;OLMESARTAN TABL OMH 10MG;505;17155819;118257
3146C;OLMESARTAN TABL OMH 20MG;1400;17155827;118265
4959C;OLMESARTAN TABL OMH 40MG;637;17155835;118273
V4784;OLMESARTAN/AMLOD T 20/5MG;238;16636058;156019
V4782;OLMESARTAN/AMLOD T40/5MG;98;16636074;156027
8238B;OLMESARTAN/HCT T 20/12,5MG;126;17088380;125016
8236B;OLMESARTAN/HCT T 40/12,5MG;28;17091152;133809
S5020;OMEPRAZOL CAPS MSR 10MG;1518;16030931;115142
N9971;OMEPRAZOL CAPS MSR 20MG;60359;15715345;114529
N9972;OMEPRAZOL CAPS MSR 40MG;31711;15715361;115150
I9839;ONDANSETRON TABL OMH 4MG;296;15110842;82686
I9840;ONDANSETRON TABL OMH 8MG;245;15110850;82694
R0647;ONGLYZA TABL 2,5MG;84;15990443;136069
21509;ORAP TABL 1MG;1129;14324458;9180
R3944;ORAP TABL 4MG;533;16022564;18554
2831;ORGAMETRIL TABL 5MG;140;12138738;7498
A4489;OSTAC TABL 520MG;256;14218569;100005
3256E;OXAZEPAM TABL 10MG;25036,5;14232685;1023
V8976;OXAZEPAM TABL 2,5MG;8227;16785371;173207
68170;OXAZEPAM TABL 50MG;1505;13920677;20257
J6772;OXCARBAZEPIN TABL OMH 300M;987;15239004;110620
P0923;OXCARBAZEPINE TABL OH 600M;70;15759539;110639
G4978;OXYBUTYNINE HCL TABL 2,5MG;3136;14884704;93920
G8659;OXYBUTYNINE HCL TABL 5MG;1288;14929589;59668
S5053;OXYCODON HCL CAPS 10MG;1155;16107144;116890
S5055;OXYCODON HCL CAPS 5MG;1546;16107160;116904
R4815;OXYCODON HCL RET T MGA 15M;570;16026659;134244
R4817;OXYCODON HCL RET T MGA 30M;340;16026675;134252
P5803;OXYCODON HCL TABL MVA 10MG;5380;15813827;111430
P5793;OXYCODON HCL TABL MVA 20MG;1801;15813835;111449
P8294;OXYCODON HCL TABL MVA 40MG;266;15824772;111457
P8357;OXYCODON HCL TABL OMH 10MG;1100;15854671;139750
P8356;OXYCODON HCL TABL OMH 5MG;3646;15854663;139742
V1433;OXYCODON RET TABL MVA 5MG;6646;16316037;115932
R8203;OXYCODON RET TABL MVA 60MG;144;16058593;134260
V6081;OXYCODON RET TABL MVA 80MG;56;16316169;111465
R9668;PALEXIA RET TABL MVA 200MG;56;16059883;193178
W0747;PALIPERIDON TABL MVA 3MG;224;16781961;128074
W0746;PALIPERIDON TABL MVA 6MG;140;16781988;128082
G7007;PALLADON SR CAPS MGA 4MG;126;14910608;118826
J9131;PANADOL ARTROSE TABL OMH 1;966;15271323;125822
U8784;PANTOPRAZOL TABL MSR 20MG;85452;16591763;106275
U8785;PANTOPRAZOL TABL MSR 40MG;133356;16591798;96938
O0031;PARACETAMOL TABL 1000MG;10265;15703746;125822
85750;PARACETAMOL TABL 500MG;333559;14032244;2194
K3475;PAROXETINE TABL 10MG;3209;15281825;157120
J7300;PAROXETINE TABL 20MG;9758;15244458;157112
2779B;PAROXETINE TABL OMH 30MG;2544;17092809;157139
M7052;PENTASA TABL MVA 1G;224;15553698;133272
A7087;PENTASA TABL MVA 500MG;196;14207044;82139
V8978;PERFENAZINE TABL 2MG;280;16785398;147699
4568B;PERINDOP/AMLODIP T 10/10MG;70;17056462;155918
7857B;PERINDOP/AMLODIP T 10/5MG;238;17056454;155896
R1753;PERINDOPR/INDAP T 2/0,625M;196;15857980;131385
Q6359;PERINDOPR/INDAP T 4/1,25MG;1916;15857999;114359
O2663;PERINDOPR/INDAP T 8/2,5MG;154;15704858;138193
Q7980;PERINDOPRIL TABL 10MG;42;15932753;144053
U9638;PERINDOPRIL TABL 2MG;18790;16529456;94838
U9642;PERINDOPRIL TABL 8MG;11667;16537556;117722
S8062;PERINDOPRIL TERT-BUT T 4MG;20067;16188543;75434
4130A;PERINDOPRIL/AMLOD T 4/5MG;154;16969804;155829
4133A;PERINDOPRIL/AMLOD T 8/10MG;245;16969839;155853
O1669;PHITAL CRANBERRY + C TABL;4283;15713407;0
V7770;PIOGLITAZON TABL 30MG;98;15817032;127884
P5908;PIOGLITAZON TABL 45MG;77;15817040;127892
V8980;PIPAMPERON TABL 10MG;3954;16785428;143103
36027;PIRACETAM TABL 800MG;258;14297442;18295
T5840;PLAQUENIL TABL OMH 200MG;958;16281098;112615
12689;PLENDIL TABL MVA 2,5MG;252;13681176;88706
R8216;PRAMIPEXOL RET T 0,375MG;1274;16064437;132330
R8219;PRAMIPEXOL RET T MVA 3,75M;42;16064488;134104
R8220;PRAMIPEXOL RET T MVA 3MG;56;16064461;132314
S3639;PRAMIPEXOL RET TABL 1,5MG;224;16078578;132306
S3640;PRAMIPEXOL RET TABL 2,25MG;56;16078586;134112
N4572;PRAMIPEXOL TABL 0,125MG;13382;15627241;106364
N3885;PRAMIPEXOL TABL 0,25MG;588;15603873;106372
N3888;PRAMIPEXOL TABL 1MG;113;15603911;102970
V8945;PRASUGREL TABL OMH 10MG;329;16738993;177245
V8947;PRASUGREL TABL OMH 5MG;266;16739000;177237
H1896;PRAVASTATINE TABL 10MG;1355;14930544;79553
K3771;PRAVASTATINE TABL 20MG;3550;15290689;79561
K3772;PRAVASTATINE TABL 40MG;7325;15290697;100811
M3418;PREDNISOLON TABL 20MG;341,5;15527166;111872
Q9941;PREDNISOLON TABL 2MG;476;15963535;142670
M7081;PREDNISOLON TABL 30MG;103;15568660;115800
68182;PREDNISOLON TABL 5MG;18904,5;13921398;23809
M3332;PREDNISON TABL 5MG;1298;15522458;23817
1910B;PREGABALINE CAPS 150MG;11985;17083982;122203
S8150;PREGABALINE CAPS 25MG;9009;16142691;122173
S8151;PREGABALINE CAPS 300MG;1778;16142705;122211
1911B;PREGABALINE CAPS 75MG;31840;17083974;122181
10441;PRIADEL TABL MGA 400MG;5741;13805509;8621
W0179;PRIMIDON TABL 25MG;364;16802616;150207
T1722;PRIMIDON TABL 50MG;252;16229193;161179
T1723;PRIMIDON TABL 62,5MG;112;16229207;143332
V7613;PRIMOLUT N TABL 5MG;98;16769856;299
D6157;PROGRAFT CAPS 0,5MG;189;14557304;133078
96098;PROGRAFT CAPS 1MG;1199;14036878;133086
Q6724;PROGYNOVA DRAG 1MG;49;15941906;388
9427A;PROMETHAZINE TABL 12,5MG;168;16960491;172480
J1978;PROMETHAZINE TABL OMH 25MG;432;15186288;0
T6729;PROMOCARD DUR T MGA 120MG;201;16302745;100943
T6718;PROMOCARD DUR TABL MGA 60M;364;16302486;72443
38554;PROPRANOLOL RET CAPS 80MG;2501;13612948;50970
A4979;PROPRANOLOL TABL 10MG;5731,5;14182475;16306
36402;PROPRANOLOL TABL 40MG;3241;13597442;16314
28592;PROPRANOLOL TABL 80MG;168;13280406;16322
P1582;PROPYLTHIOURACIL TABL 50MG;252;15768996;23825
91531;PYRIDOXINE TABL 100MG;70;14053136;49050
72909;PYRIDOXINE TABL 20MG;41;13971328;23884
91530;PYRIDOXINE TABL 50MG;155;14053098;49042
R4765;QUETIAPINE RET T MVA 300MG;994;15756424;127833
R4763;QUETIAPINE RET T MVA 50MG;5586;15756351;127817
R4893;QUETIAPINE RET TABL 150MG;588;15993213;134589
V4401;QUETIAPINE TABL 12,5MG;4383,3;16723651;154881
V4402;QUETIAPINE TABL 6,25MG;892;16723678;156833
6986C;QUETIAPINE TABL MVA 200MG;2739;17228581;127825
4120C;QUETIAPINE TABL MVA 400MG;490;17213541;127841
P2323;QUETIAPINE TABL OMH 100MG;4524;15741184;113972
P2359;QUETIAPINE TABL OMH 200MG;952;15772659;113964
V3683;QUETIAPINE TABL OMH 25MG;20633;16672216;113980
P2327;QUETIAPINE TABL OMH 300MG;595;15741222;113956
P7710;RABEPRAZOL TABL MSR 10MG;938;15835367;108944
P7711;RABEPRAZOL TABL MSR 20MG;4713;15835375;108952
Q6394;RALOXIFEEN TABL OMH 60MG;42;15922979;105171
P5765;RAMIPRIL TABL 1,25MG;897;15813770;105295
U8762;RAMIPRIL TABL 10MG;906;16601831;112216
G7123;RAMIPRIL TABL 2,5MG;940;14872935;104388
G7124;RAMIPRIL TABL 5MG;1269;14872943;104396
J5520;RAMIPRIL/HYDROCHL  T 5/25M;140;15196666;94080
T0880;RASAGILINE TABL 1MG;28;16224736;160598
M8478;RASILEZ TABL OMH 150MG;98;15587746;128449
K7056;RENAGEL TABL OMH 800MG;504;15356051;114324
R9667;REZOLSTA TABL OMH 800/150M;28;16059875;176036
G8217;RIFAMPICINE CAPS 150MG;63;14818825;698
G8218;RIFAMPICINE CAPS 300MG;63;14818833;19739
P7660;RILUZOL TABL OMH 50MG;56;15822745;99236
N3882;RISEDRONAAT TABL OMH 5MG;82;15597113;114294
N4571;RISEDRONAAT WEKELIJKS 35MG;743;15655008;117277
K3410;RISPERIDON TABL OMH 0,5MG;11106,5;15321525;110213
K3413;RISPERIDON TABL OMH 1MG;5356;15321630;105325
K3416;RISPERIDON TABL OMH 2MG;2464;15321657;105333
K3424;RISPERIDON TABL OMH 3MG;1071;15300986;105341
K3425;RISPERIDON TABL OMH 4MG;330;15301044;105368
12526;RITMOFORINE RET TABL 250MG;131;12316334;38032
1956D;RIVAROXABAN TABL OMH 2,5MG;798;17271045;150908
N7898;RIVASTIGMINE CAPS 1,5MG;707;15690687;104582
N7900;RIVASTIGMINE CAPS 3MG;982;15690709;104590
N8538;RIVASTIGMINE CAPS 4,5MG;378;15698084;104604
N7903;RIVASTIGMINE CAPS 6MG;322;15690733;104612
3315;RIVOTRIL TABL 0,5MG;5065;12145262;19860
3316;RIVOTRIL TABL 2MG;1202;12145270;19879
O1907;ROPINIROL RET TABL MGA 2MG;1161;15719138;128791
O1908;ROPINIROL RET TABL MGA 4MG;434;15719146;128805
O1909;ROPINIROL RET TABL MGA 8MG;525;15719154;128813
L2859;ROPINIROL TABL OMH 0,25MG;910;15416429;101974
L2860;ROPINIROL TABL OMH 0,5MG;241;15416437;105147
L2861;ROPINIROL TABL OMH 1MG;119;15416445;101982
L2862;ROPINIROL TABL OMH 2MG;84;15416453;101990
U9596;ROSUVASTATINE TABL OMH 10M;20388;16604776;180386
U9599;ROSUVASTATINE TABL OMH 20M;22237;16604806;180394
U9602;ROSUVASTATINE TABL OMH 40M;5197;16604830;180408
U9593;ROSUVASTATINE TABL OMH 5MG;15601;16604733;180378
M9120;ROTER VIT C TABL 70MG CITR;196;15592901;0
O0043;RUPAFIN TABL 10MG;28;15713261;137081
S5741;RYTMONORM TABL OMH 150MG;140;16156900;104655
M6164;SALOFALK TABL MSR 500MG;140;15563332;66494
Q6867;SELINCRO TABL OMH 18MG;56;15921867;142778
F2211;SEROQUEL TABL OMH 100MG;224;14303892;113972
D6911;SEROQUEL TABL OMH 25MG;112;14303868;113980
38494;SEROXAT TABL OMH 20MG;148;13609750;157112
1931A;SERTRALINE TABL 12,5MG;461;16903382;178616
9235B;SERTRALINE TABL OMH 100MG;5209;17153859;93009
I3487;SERTRALINE TABL OMH 50MG;10862,5;15085228;92991
T0876;SEVELAMEER TABL OMH 800MG;3368;16224574;131474
A8063;SIFROL TABL 0,125MG;673;14298872;106364
M5401;SIFROL TABLET MVA 0,375MG;252;15507254;132330
M5402;SIFROL TABLET MVA 1,5MG;126;15507262;132306
U0017;SILDENAFIL TABL OMH 20MG;567;16318110;125172
W6876;SILODOSINE CAPS 4MG;735;16840925;136212
W6877;SILODOSINE CAPS 8MG;896;16840933;136220
L3655;SIMVASTATINE TABL OMH 10MG;4470;15429962;116572
2775B;SIMVASTATINE TABL OMH 20MG;25518;17092884;116580
2776B;SIMVASTATINE TABL OMH 40MG;53672;17092892;116599
J4246;SIMVASTATINE TABL OMH 60MG;112;15192083;126187
Q1075;SIMVASTATINE TABL OMH 80MG;154;15858995;122629
12595;SINEMET 125 TABL 100/25MG;7366;12309923;38318
3544;SINEMET 275 TABL 250/25MG;532;12303763;36609
3308B;SINEMET 62,5 TABL 50/12,5M;35026,5;17096960;65803
9326B;SITAGLIP/METFOR T 50/1000M;56;17135281;190918
9327B;SITAGLIP/METFOR T 50/850MG;256;17135303;190926
9305B;SITAGLIPTINE TABL OMH 100M;3356;17144515;190896
1122D;SITAGLIPTINE TABL OMH 25MG;644;17279232;190861
9303B;SITAGLIPTINE TABL OMH 50MG;1784;17144493;190888
T8263;SLOW K TABL MGA 600MG;4024;16315286;8710
1348E;SOLIFEN/TAMS T MGA 6/0,4MG;1356;17388406;142034
W1733;SOLIFENACINE TABL OMH 10MG;4316;16820142;121983
W1736;SOLIFENACINE TABL OMH 5MG;7174;16820053;121975
4573B;SOTALOL TABL 40MG;17340,5;17113008;127868
P0787;SOTALOL TABL 80MG;8046;15759326;10111
2082B;SPIRONOLACTON T OMH 12,5MG;26416;17064236;142980
H7551;SPIRONOLACTON TABL 100MG;300;14984946;12009
1859B;SPIRONOLACTON TABL 25MG;23211;17079926;11770
G9348;SPIRONOLACTON TABL 50MG;4102;14939460;38520
L6523;STALEVO T OH 150/37,5/200M;84;15458873;119938
K9176;STALEVO T OH 200/50/200MG;410;15376230;129534
L6522;STALEVO T OMH 100/25/200MG;183;15458865;119946
R4691;STRUMAZOL TABL 10MG;1397,5;16031938;1236
R4706;STRUMAZOL TABL 30MG;447;16031857;70602
P2881;SULFASALAZINE T MSR 500MG;4224;15751570;19968
33561;SYMMETREL CAPS 100MG;1150;13549650;1341
R4704;SYNAPAUSE E3 TABL 1MG;79;16031873;51098
A5552;TAMOXIFEN TABL 20MG;1256;14303019;43222
J3108;TAMOXIFEN TABL 40MG;56;15192296;65889
V9988;TAMSULOSINE CAPS MGA 0,4MG;22028;16798090;96156
O0908;TAMSULOSINE RET TABL 0,4MG;3393;15725006;122505
6572C;TAPENTADOL RET T MVA 50MG;1204;17171075;193224
G8672;TAVEGYL TABL 1MG;392;14930447;20974
E5629;TEGRETOL CR TABL 200MG;4006;14638290;70475
E7001;TEGRETOL CR TABL 400MG;490;14638304;70483
33759;TEGRETOL TABL 100MG;1151,5;13549634;51195
33576;TEGRETOL TABL 200MG;1373;13549642;21016
Q8618;TELMISARTAN TABL 20MG;932;15950662;111082
Q8620;TELMISARTAN TABL 40MG;1729;15950689;106615
Q8622;TELMISARTAN TABL 80MG;1358;15950700;106623
R4099;TELMISARTAN/HCT T 40/12,5M;112;16007573;116661
R4100;TELMISARTAN/HCT T 80/12,5M;196;15994848;116173
R4098;TELMISARTAN/HCT T 80/25MG;140;15994856;129992
85682;TEMAZEPAM CAPS 10MG;4712;14016966;16942
85687;TEMAZEPAM CAPS 20MG;4691;14017016;38644
85673;TEMAZEPAM TABL 10MG;1050,5;14028972;84190
85674;TEMAZEPAM TABL 20MG;28;14028980;84204
W7551;TENTIN TABL 5MG;2667;16894324;23175
J5466;TERBINAFINE TABL 250MG;155;15196542;86665
N3213;TETMODIS TABL 25MG;218;15638332;90913
V8982;THIAMAZOL TABL 5MG;1169;16785444;144142
3907B;THIAMINE HCL TABL 100MG;3454;17107660;24066
3904B;THIAMINE HCL TABL 25MG;4182;17107598;24031
3905B;THIAMINE HCL TABL 50MG;11975;17107644;24058
R4702;THYRAX DUOTAB TABL 0,025MG;8239;16031946;42137
R4708;THYRAX DUOTAB TABL 0,150MG;630;16031962;77801
R4700;THYRAX DUOTAB TABL 0,1MG;2572;16031954;38571
R4807;TIBOLINIA TABL 2,5MG;42;16022297;67172
2997E;TICAGRELOR TABL OMH 60MG;490;17404665;161306
2999E;TICAGRELOR TABL OMH 90MG;3410;17404681;136271
T0839;TIROSINT CAPS 13MCG;168;16220900;160792
T0840;TIROSINT CAPS 50MCG;58;16220919;160814
R3483;TIVICAY TABL OMH 50MG;119;15971821;150231
J6398;TIZANIDINE HCL TABL 2MG;2135;15076598;54410
93905;TOLBUTAMIDE TABL 1000MG;896;14127326;12521
97608;TOLBUTAMIDE TABL 500MG;4933;14127261;531
T3903;TOLPERMYO TABL OMH 150MG;546;16259505;162795
7352A;TOLPERMYO TABL OMH 50MG;3456;16993314;6939
P8424;TOLTERODINETAR TABL OMH 1M;739;15841626;104167
P8425;TOLTERODINETAR TABL OMH 2M;1254;15841634;104175
E8903;TOPAMAX TABL OMH 100MG;63;14678551;106208
M1964;TOPIRAMAAT TABL OMH 100MG;1365;15508692;106208
P7629;TOPIRAMAAT TABL OMH 200MG;56;15832376;106216
M1963;TOPIRAMAAT TABL OMH 25MG;3999;15508684;106194
P7627;TOPIRAMAAT TABL OMH 50MG;882;15832392;103152
T1707;TRACYDAL TABL OMH 20MG;1802,5;16189272;161349
P1477;TRAJENTA TABL 5MG;1086;15711528;139076
U5127;TRAMADOL CAPS 50MG;7158;16528484;88668
W2487;TRAMADOL HCL RET CAPS 50MG;714;16827597;109738
K1901;TRAMADOL HCL RET TABL 150M;84;15200140;104221
J3822;TRAMADOL HCL RET TABL 200M;196;15200159;104248
W4737;TRAMADOL RET TABL MVA 100M;1141;16856279;104213
U5150;TRAMADOL/PARAC T 37,5/325M;4416;16353129;117498
T9298;TRANEXAMINEZUUR T OMH 500M;690;16319710;115231
L2590;TRANXENE CAPS 10MG;140;15407659;21431
L2589;TRANXENE CAPS 5MG;894;15407675;21423
L2615;TRANXENE TABL 20MG;126;15407667;96024
W8379;TRAZODON TABL 100MG;2269,5;16880447;45594
Q1129;TRAZODON TABL 50MG;3765;15855619;140805
20258;TRENTAL TABL MGA 400MG;406;13132318;60127
I3931;TRILEPTAL TABL OMH 300MG;294;15101762;110620
89738;TRIMETHOPRIM TABL 100MG;1637,5;14066718;38504
R3408;TRIPLIXAM TABL 10/2,5/10MG;84;16012887;156086
R7518;TRIUMEQ TABL 50/600/300MG;84;16056183;165603
F5359;TRUXAL TABL OMH 15MG;336;14779684;115851
F5365;TRUXAL TABL OMH 50MG;147;14779692;115878
U4367;URISPAS TABL OMH 200MG;348;16521196;36692
V7219;URSODEOXYCHOLZ T 300MG;2135;16753801;44237
V7220;URSODEOXYCHOLZ T 450MG;802;16753828;123641
U6802;URSODEOXYCHOLZUUR C 250MG;294;16350847;38679
Q5905;URSOFALK TABL OMH 500MG;263;15930483;142050
L9423;VALACICLOVIR TABL 500MG;1258;15457117;97845
23812;VALDISPERT DRAG;833;12155624;154180
O2004;VALSARTAN TABL OMH 160MG;2504;15736121;114960
O2006;VALSARTAN TABL OMH 320MG;651;15736148;126950
P0905;VALSARTAN TABL OMH 40MG;3352;15758818;124389
O2002;VALSARTAN TABL OMH 80MG;2671;15736113;114952
Q6841;VALSARTAN/HCT T 160/12,5MG;501;15944387;119032
O2679;VALSARTAN/HCT TAB 80/12,5M;154;15731618;104892
O2683;VALSARTAN/HCT TABL 160/25M;42;15731650;123196
U6761;VENLAFAXINE CAPS MVA 150MG;4668;16549538;101117
U6755;VENLAFAXINE CAPS MVA 37,5M;2599;16549546;114944
U5149;VENLAFAXINE CAPS MVA 75MG;6243;16528514;101133
N5855;VENLAFAXINE TABL MVA 225MG;662;15662896;135682
J4807;VERAPAMIL HCL TABL 120MG;109;15196496;53112
A0856;VERAPAMIL RET TABL 120MG;3784;14155893;87629
A0857;VERAPAMIL RET TABL 240MG;1540;14155907;72079
J6138;VERAPAMIL TABL 40MG;1073;15196437;44822
J6139;VERAPAMIL TABL 80MG;742;15196445;44830
3264C;VILDAG/METFOR T 50/850MG;126;17208920;129046
3263C;VILDAGL/METFOR T 50/1000MG;252;17208912;129038
L7203;VIMPAT TABL OMH  50MG;3234;15457540;130818
A5093;VIT B COMP TABL BRUIN;2945;14211165;138266
8038A;VIT B12 1000MCG TABL ACE;16382;17017122;132926
U7831;VIT D TEVA TABL 10MCG 400I;250;16533496;0
V6623;VIT D TEVA TABL 20MCG 800I;7599;16743652;0
90452;VITAM B COMP FORT TABL;6922;14072734;138231
0188B;VITAMINE D3 2800IE TABL AC;13958;17054729;144479
T9222;VITAMINE K TABL 10MG;52;15967743;142700
J8151;WELLBUTRIN XR T MGA 300MG;643;15231232;126969
A1717;XANAX RET TABL MGA 0,5MG;1001;14168669;103608
A1718;XANAX RET TABL MGA 1MG;203;14168677;103616
U3494;XARELTO TABL OMH 15MG;9463;16448502;138355
P0127;XARELTO TABL OMH 20MG;22646;15736415;138363
L7933;XARELTO TABLET OMH 10MG;2107;15466345;130680
Q2354;XIFAXAN TABL OMH 550MG;420;15910504;141879
6561B;XIGDUO TABL OMH 5/1000MG;56;17120837;149667
N7893;ZOFENOPRILCALC TABL OH 30M;14;15690571;111074
T0125;ZOLPIDEM TABL OMH 5MG;2456,5;16186052;144320
H4812;ZOLPIDEMTART TABL OMH 10MG;5253;15002489;91464
N3217;ZONEGRAN CAPS 100MG;252;15638545;134953
T4881;ZONISAMIDE CAPS 100MG;168;16260236;134953
T0858;ZONISAMIDE CAPS 25MG;112;16196031;134937
G2226;ZOPICLON TABL 7,5MG;5604;14846888;64246
V8986;ZOPICLON TABL OMH 3,75MG;955;16787862;144452
N2106;ZYLORIC TABL 200MG;154;15625613;65412
F2897;ZYPREXA TABL 2,5MG;28;14721635;115096
87100;ZYPREXA TABL 5MG;28;14036800;99953
